"Language","original","english","czech","german","russian","polish","hungarian","italian","spanish","french","chinese","japanese","portuguese","chinesesimp",
"STR_CfgVehicles_SFM_OperatorBags_Base0","Operator Backpack","Operator Backpack","Batoh operátora","Operator-Rucksack","Рюкзак Оператор","Plecak operatora","Üzemeltetői hátizsák","Zaino operatore","Mochila para operador","Sac à dos de l'opérateur","操作员背包","オペレーター・バックパック","Mochila do operador","操作员背包",
"STR_CfgVehicles_SFM_OperatorBags_Base1","The Operator Backpack is a reliable companion for business trips and adventures. It features multiple compartments and pockets for convenient organization of personal belongings, gadgets, and documents. Made from durable materials, it provides reliable protection of contents from external elements. Comfortable straps and ergonomic back support make it ideal for daily use. The Operator Backpack is your dependable companion in both urban environments and during travels.","The Operator Backpack is a reliable companion for business trips and adventures. It features multiple compartments and pockets for convenient organization of personal belongings, gadgets, and documents. Made from durable materials, it provides reliable protection of contents from external elements. Comfortable straps and ergonomic back support make it ideal for daily use. The Operator Backpack is your dependable companion in both urban environments and during travels.","Batoh Operator je spolehlivým společníkem na služebních cestách i při dobrodružstvích. Je vybaven mnoha přihrádkami a kapsami pro pohodlné uspořádání osobních věcí, pomůcek a dokumentů. Je vyroben z odolných materiálů a poskytuje spolehlivou ochranu obsahu před vnějšími vlivy. Díky pohodlným popruhům a ergonomické opěrce zad je ideální pro každodenní používání. Batoh Operator se stane vaším spolehlivým společníkem v městském prostředí i na cestách.","Der Operator Backpack ist ein zuverlässiger Begleiter auf Geschäftsreisen und bei Abenteuern. Er verfügt über mehrere Fächer und Taschen zur praktischen Organisation von persönlichen Gegenständen, Gadgets und Dokumenten. Er ist aus strapazierfähigen Materialien gefertigt und schützt den Inhalt zuverlässig vor äußeren Einflüssen. Bequeme Gurte und eine ergonomische Rückenstütze machen ihn ideal für den täglichen Gebrauch. Der Operator Backpack ist Ihr zuverlässiger Begleiter in der Stadt und auf Reisen.","Рюкзак Оператор - надежный спутник в деловых поездках и приключениях. Он обладает множеством отделений и карманов для удобной организации личных вещей, гаджетов и документов. Изготовленный из прочных материалов, он обеспечивает надежную защиту содержимого от внешних воздействий. Удобные лямки и эргономичная спина делают его идеальным для ежедневного использования. Рюкзак Оператор - ваш надежный спутник в городе и в путешествиях.","Plecak Operator jest niezawodnym towarzyszem podróży służbowych i przygód. Posiada wiele przegródek i kieszeni do wygodnej organizacji rzeczy osobistych, gadżetów i dokumentów. Wykonany z trwałych materiałów, zapewnia niezawodną ochronę zawartości przed czynnikami zewnętrznymi. Wygodne paski i ergonomiczne podparcie pleców sprawiają, że jest idealny do codziennego użytku. Plecak Operator jest niezawodnym towarzyszem zarówno w środowisku miejskim, jak i podczas podróży.","Az Operator hátizsák megbízható társ az üzleti utakhoz és a kalandokhoz. Több rekesszel és zsebbel rendelkezik a személyes tárgyak, kütyük és dokumentumok kényelmes rendszerezéséhez. Tartós anyagokból készült, így megbízható védelmet nyújt a tartalomnak a külső elemekkel szemben. A kényelmes pántok és az ergonomikus háttámla ideális a mindennapi használathoz. Az Operator hátizsák megbízható társad városi környezetben és utazások során egyaránt.","Lo zaino Operator è un compagno affidabile per viaggi di lavoro e avventure. È dotato di più scomparti e tasche per organizzare comodamente gli effetti personali, i gadget e i documenti. Realizzato con materiali resistenti, garantisce una protezione affidabile del contenuto dagli elementi esterni. Le comode cinghie e il supporto ergonomico per la schiena lo rendono ideale per l'uso quotidiano. Lo zaino Operator è un compagno affidabile sia in ambiente urbano che durante i viaggi.","La mochila Operator es una compañera fiable para viajes de negocios y aventuras. Dispone de múltiples compartimentos y bolsillos para organizar cómodamente objetos personales, gadgets y documentos. Fabricada con materiales duraderos, ofrece una protección fiable del contenido frente a elementos externos. Las cómodas correas y el soporte ergonómico para la espalda la hacen ideal para el uso diario. La mochila Operator es su compañera de confianza tanto en entornos urbanos como durante los viajes.","Le sac à dos Operator est un compagnon fiable pour les voyages d'affaires et les aventures. Il comporte de nombreux compartiments et poches pour une organisation pratique des effets personnels, des gadgets et des documents. Fabriqué à partir de matériaux durables, il offre une protection fiable du contenu contre les éléments extérieurs. Ses bretelles confortables et son support dorsal ergonomique en font un outil idéal pour une utilisation quotidienne. Le sac à dos Operator est un compagnon fiable, tant en milieu urbain qu'en voyage.","Operator 背包是商务旅行和探险的可靠伴侣。它有多个隔层和口袋，方便整理个人物品、小工具和文件。背包采用耐用材料制成，可为包内物品提供可靠的保护，使其免受外部环境的影响。舒适的背带和符合人体工程学的背部支撑使其成为日常使用的理想之选。无论是在城市环境中还是在旅行中，操作员背包都是您值得信赖的伙伴。","Operatorバックパックは、出張や冒険の頼れる相棒です。複数のコンパートメントとポケットを備え、持ち物やガジェット、書類の整理に便利です。耐久性に優れた素材を使用し、外的要因から中身を確実に保護します。快適なストラップと人間工学に基づいた背面サポートにより、毎日の使用に最適です。オペレーター・バックパックは、都市環境でも旅行中でも、あなたの頼れるパートナーです。","A mochila Operator é uma companheira fiável para viagens de negócios e aventuras. Possui vários compartimentos e bolsos para uma organização cómoda dos pertences pessoais, gadgets e documentos. Fabricada com materiais duráveis, proporciona uma proteção fiável do conteúdo contra elementos externos. As alças confortáveis e o apoio ergonómico para as costas tornam-na ideal para uma utilização diária. A mochila Operator é a sua companheira fiável, tanto em ambientes urbanos como em viagens.","Operator 背包是商务旅行和探险的可靠伴侣。它有多个隔层和口袋，方便整理个人物品、小工具和文件。背包采用耐用材料制成，可为包内物品提供可靠的保护，使其免受外部环境的影响。舒适的背带和符合人体工程学的背部支撑使其成为日常使用的理想之选。无论是在城市环境中还是在旅行中，操作员背包都是您值得信赖的伙伴。",
"STR_CfgVehicles_SFM_RaiderBags_Base0","Raider's Backpack","Raider's Backpack","Batoh Raider","Raider's Backpack","Рейдерский рюкзак","Plecak Raidera","Raider hátizsák","Zaino da incursore","Mochila Raider","Sac à dos Raider","突袭者背包","レイダーズ・バックパック","Mochila do salteador","突袭者背包",
"STR_CfgVehicles_SFM_RaiderBags_Base1","The Raider's Backpack is the perfect choice for those who prefer an active lifestyle. This functional and durable backpack provides convenient organization and reliable storage of essential items during hikes, travels, or sporting activities. Comfortable straps and ventilated back support make it ideal for long treks and outdoor activities.","The Raider's Backpack is the perfect choice for those who prefer an active lifestyle. This functional and durable backpack provides convenient organization and reliable storage of essential items during hikes, travels, or sporting activities. Comfortable straps and ventilated back support make it ideal for long treks and outdoor activities.","Batoh Raider je ideální volbou pro ty, kteří preferují aktivní životní styl. Tento funkční a odolný batoh poskytuje pohodlnou organizaci a spolehlivé uložení nezbytných věcí během túr, cestování nebo sportovních aktivit. Díky pohodlným popruhům a odvětrávané zádové opěrce je ideální pro dlouhé túry a outdoorové aktivity.","Der Raider's Backpack ist die perfekte Wahl für alle, die einen aktiven Lebensstil bevorzugen. Dieser funktionelle und strapazierfähige Rucksack bietet praktische Organisation und zuverlässige Aufbewahrung von wichtigen Gegenständen bei Wanderungen, Reisen oder sportlichen Aktivitäten. Bequeme Gurte und eine belüftete Rückenstütze machen ihn ideal für lange Wanderungen und Outdoor-Aktivitäten.","Рейдерский рюкзак - идеальный выбор для тех, кто предпочитает активный образ жизни. Этот функциональный и прочный рюкзак обеспечивает удобную организацию и надежное хранение необходимых вещей во время походов, путешествий или спортивных мероприятий. Удобные лямки и вентилируемая спина делают его идеальным для длительных переходов и активного отдыха на природе.","Plecak Raider to idealny wybór dla osób preferujących aktywny tryb życia. Ten funkcjonalny i wytrzymały plecak zapewnia wygodną organizację i niezawodne przechowywanie niezbędnych przedmiotów podczas wędrówek, podróży lub zajęć sportowych. Wygodne paski i wentylowane podparcie pleców sprawiają, że idealnie nadaje się do długich wędrówek i aktywności na świeżym powietrzu.","A Raider's Backpack tökéletes választás azoknak, akik az aktív életmódot kedvelik. Ez a funkcionális és tartós hátizsák kényelmes szervezést és megbízható tárolást biztosít a nélkülözhetetlen tárgyaknak túrák, utazások vagy sporttevékenységek során. A kényelmes pántok és a szellőző háttámla ideális a hosszú túrákhoz és szabadtéri tevékenységekhez.","Lo zaino Raider's Backpack è la scelta perfetta per chi preferisce uno stile di vita attivo. Questo zaino funzionale e resistente offre una comoda organizzazione e una conservazione affidabile degli oggetti essenziali durante le escursioni, i viaggi o le attività sportive. Le spalline confortevoli e il supporto ventilato per la schiena lo rendono ideale per lunghe escursioni e attività all'aperto.","La mochila Raider es la elección perfecta para quienes prefieren un estilo de vida activo. Esta mochila funcional y duradera proporciona una organización cómoda y un almacenamiento fiable de los artículos esenciales durante las caminatas, los viajes o las actividades deportivas. Sus cómodas correas y el soporte ventilado para la espalda la hacen ideal para largas caminatas y actividades al aire libre.","Le sac à dos Raider est le choix idéal pour ceux qui préfèrent un mode de vie actif. Ce sac à dos fonctionnel et durable permet une organisation pratique et un rangement fiable des articles essentiels pendant les randonnées, les voyages ou les activités sportives. Les bretelles confortables et le support dorsal ventilé en font un sac idéal pour les longues randonnées et les activités de plein air.","对于喜欢积极生活方式的人来说，Raider 背包是一个完美的选择。这款背包功能强大、经久耐用，可在远足、旅行或体育活动中方便地组织和可靠地存放必需品。舒适的背带和通风背托使其成为长途跋涉和户外活动的理想选择。","レイダーズ・バックパックは、アクティブなライフスタイルを好む方に最適です。機能的で耐久性に優れたこのバックパックは、ハイキング、旅行、スポーツ活動の際に必要なアイテムを便利に整理し、確実に収納できます。快適なストラップと通気性に優れた背面サポートにより、長期のトレッキングやアウトドア活動に最適です。","A mochila Raider's Backpack é a escolha perfeita para quem prefere um estilo de vida ativo. Esta mochila funcional e duradoura proporciona uma organização prática e uma arrumação fiável de artigos essenciais durante caminhadas, viagens ou actividades desportivas. As alças confortáveis e o apoio ventilado para as costas tornam-na ideal para longas caminhadas e actividades ao ar livre.","对于喜欢积极生活方式的人来说，Raider 背包是一个完美的选择。这款背包功能强大、经久耐用，可在远足、旅行或体育活动中方便地组织和可靠地存放必需品。舒适的背带和通风的背部支撑使其成为长途跋涉和户外活动的理想选择。",
"STR_CfgVehicles_SFM_TuristBags_Base0","Tourist Backpack","Tourist Backpack","Turistický batoh","Tourist-Rucksack","Рюкзак Туриста","Plecak turystyczny","Turista hátizsák","Zaino da turista","Mochila turística","Sac à dos touristique","游客背包","ツーリスト・バックパック","Mochila de turismo","游客背包",
"STR_CfgVehicles_SFM_TuristBags_Base1","The Tourist Backpack is an indispensable companion for outdoor enthusiasts and travelers. With multiple compartments and pockets, it provides convenient organization and safe storage for essential items, from clothing to equipment. Comfortable straps and a ventilated back make it perfect for long hikes and walking trips. Durable materials and waterproof fabric ensure protection of contents from external elements.","The Tourist Backpack is an indispensable companion for outdoor enthusiasts and travelers. With multiple compartments and pockets, it provides convenient organization and safe storage for essential items, from clothing to equipment. Comfortable straps and a ventilated back make it perfect for long hikes and walking trips. Durable materials and waterproof fabric ensure protection of contents from external elements.","Turistický batoh je nepostradatelným společníkem pro outdoorové nadšence a cestovatele. Díky mnoha přihrádkám a kapsám poskytuje pohodlnou organizaci a bezpečné uložení nezbytných věcí, od oblečení až po vybavení. Díky pohodlným popruhům a odvětraným zádům je ideální na dlouhé túry a pěší výlety. Odolné materiály a nepromokavá tkanina zajišťují ochranu obsahu před vnějšími vlivy.","Der Tourist Backpack ist ein unverzichtbarer Begleiter für Outdoor-Fans und Reisende. Mit seinen zahlreichen Fächern und Taschen bietet er bequeme Organisation und sicheren Stauraum für wichtige Gegenstände, von der Kleidung bis zur Ausrüstung. Bequeme Gurte und ein belüfteter Rücken machen ihn perfekt für lange Wanderungen und Spaziergänge. Langlebige Materialien und wasserdichtes Gewebe schützen den Inhalt vor äußeren Einflüssen.","Рюкзак Турист - незаменимый спутник для любителей активного отдыха и путешествий. С множеством отделений и карманов, он обеспечивает удобную организацию и безопасное хранение необходимых вещей, от одежды до снаряжения. Удобные лямки и вентилируемая спина делают его идеальным для длительных походов и пеших прогулок. Прочные материалы и водонепроницаемая ткань обеспечивают защиту содержимого от внешних воздействий.","Plecak turystyczny jest niezastąpionym towarzyszem dla entuzjastów outdooru i podróżników. Dzięki wielu przegrodom i kieszeniom zapewnia wygodną organizację i bezpieczne przechowywanie niezbędnych przedmiotów, od odzieży po sprzęt. Wygodne paski i wentylowane plecy sprawiają, że jest idealny na długie wędrówki i piesze wycieczki. Wytrzymałe materiały i wodoodporna tkanina zapewniają ochronę zawartości przed czynnikami zewnętrznymi.","A Tourist hátizsák nélkülözhetetlen társ a szabadtéren lelkesedők és az utazók számára. Több rekeszével és zsebével kényelmes szervezést és biztonságos tárolást biztosít az alapvető tárgyaknak, a ruházattól a felszerelésig. A kényelmes pántok és a szellőző hátrész tökéletessé teszi a hosszú túrákhoz és gyalogtúrákhoz. A tartós anyagok és a vízálló anyag biztosítja a tartalom védelmét a külső elemekkel szemben.","Lo zaino Tourist è un compagno indispensabile per gli appassionati di outdoor e i viaggiatori. Dotato di molteplici scomparti e tasche, offre una comoda organizzazione e una conservazione sicura degli oggetti essenziali, dall'abbigliamento all'attrezzatura. Le comode cinghie e lo schienale ventilato lo rendono perfetto per lunghe escursioni e passeggiate. I materiali resistenti e il tessuto impermeabile garantiscono la protezione del contenuto dagli elementi esterni.","La mochila Tourist es un compañero indispensable para los entusiastas de las actividades al aire libre y los viajeros. Con múltiples compartimentos y bolsillos, proporciona una cómoda organización y un almacenamiento seguro para los artículos esenciales, desde la ropa hasta el equipo. Las cómodas correas y la espalda ventilada la hacen perfecta para largas excursiones y viajes a pie. Los materiales duraderos y el tejido impermeable garantizan la protección del contenido frente a los elementos externos.","Le sac à dos Tourist est un compagnon indispensable pour les amateurs d'activités de plein air et les voyageurs. Doté de multiples compartiments et poches, il permet une organisation pratique et un rangement sûr des articles essentiels, qu'il s'agisse de vêtements ou d'équipement. Ses bretelles confortables et son dos ventilé le rendent idéal pour les longues randonnées et les voyages à pied. Les matériaux durables et le tissu imperméable garantissent la protection du contenu contre les éléments extérieurs.","游客背包是户外运动爱好者和旅行者不可或缺的伴侣。它有多个隔层和口袋，便于整理和安全存放从衣物到装备等必备物品。舒适的背带和背部通风设计使其成为长途徒步旅行的理想之选。耐用材料和防水面料可确保包内物品不受外界环境影响。","ツーリスト・バックパックは、アウトドア愛好家や旅行者にとって欠かせない相棒です。複数のコンパートメントとポケットを備え、衣類から装備品まで、必要なアイテムを整理して安全に収納できます。快適なストラップと通気性の良い背面により、長時間のハイキングやウォーキングに最適です。耐久性に優れた素材と防水ファブリックにより、外的要因から中身を保護します。","A mochila Tourist é um companheiro indispensável para os entusiastas do ar livre e para os viajantes. Com vários compartimentos e bolsos, proporciona uma organização cómoda e uma arrumação segura para artigos essenciais, desde o vestuário ao equipamento. As alças confortáveis e as costas ventiladas tornam-na perfeita para longas caminhadas e passeios a pé. Os materiais duráveis e o tecido impermeável garantem a proteção do conteúdo contra os elementos externos.","游客背包是户外运动爱好者和旅行者不可或缺的伙伴。它有多个隔层和口袋，便于整理和安全存放从衣物到装备等必备物品。舒适的背带和背部通风设计使其成为长途徒步旅行的理想之选。耐用材料和防水面料可确保包内物品不受外界环境影响。",
"STR_CfgVehicles_SFM_BalaclavaSAS1_Base0","SAS Balaclava","SAS Balaclava","SAS Balaclava","SAS Balaclava","Балаклава SAS","Kominiarka SAS","SAS Balaclava","Passamontagna SAS","SAS Pasamontañas","Cagoule SAS","SAS 防毒面具","SASバラクラバ","Balaclava SAS","SAS 防毒面具",
"STR_CfgVehicles_SFM_BalaclavaSAS1_Base1","The SAS Balaclava is a reliable and versatile piece of equipment designed for covert operational activities. Made from high-quality elastic material, it provides a comfortable fit and protection from cold. The balaclava fits snugly around the head, protecting face, neck, and ears from wind and dust. Its breathable structure allows it to be worn under helmets or hard hats, providing an additional level of comfort and protection. The SAS balaclava's design meets the requirements for stealth and convenience during various tactical tasks.","The SAS Balaclava is a reliable and versatile piece of equipment designed for covert operational activities. Made from high-quality elastic material, it provides a comfortable fit and protection from cold. The balaclava fits snugly around the head, protecting face, neck, and ears from wind and dust. Its breathable structure allows it to be worn under helmets or hard hats, providing an additional level of comfort and protection. The SAS balaclava's design meets the requirements for stealth and convenience during various tactical tasks.","Balaklava SAS je spolehlivá a všestranná součást vybavení určená pro tajné operační činnosti. Je vyrobena z vysoce kvalitního elastického materiálu a poskytuje pohodlné nošení a ochranu před chladem. Balaklava těsně přiléhá k hlavě a chrání obličej, krk a uši před větrem a prachem. Jeho prodyšná struktura umožňuje nošení pod přilbami nebo tvrdými čepicemi, což poskytuje další úroveň pohodlí a ochrany. Konstrukce balaklavy SAS splňuje požadavky na utajení a pohodlí při plnění různých taktických úkolů.","Die SAS Balaclava ist ein zuverlässiger und vielseitiger Ausrüstungsgegenstand, der für verdeckte Einsätze entwickelt wurde. Sie ist aus hochwertigem, elastischem Material gefertigt und bietet einen bequemen Sitz und Schutz vor Kälte. Die Sturmhaube schmiegt sich eng um den Kopf und schützt Gesicht, Hals und Ohren vor Wind und Staub. Dank ihrer atmungsaktiven Struktur kann sie auch unter Helmen oder Schutzhelmen getragen werden und bietet so zusätzlichen Komfort und Schutz. Das Design der SAS-Sturmhaube erfüllt die Anforderungen an Unauffälligkeit und Komfort bei verschiedenen taktischen Aufgaben.","Балаклава SAS - это надежная и универсальная часть снаряжения, предназначенная для скрытной оперативной деятельности. Изготовленная из высококачественного эластичного материала, она обеспечивает комфортную посадку и защиту от холода. Балаклава плотно облегает голову, защищая лицо, шею и уши от ветра и пыли. Ее дышащая структура позволяет носить ее под шлемом или каском, обеспечивая дополнительный уровень комфорта и защиты. Дизайн балаклавы SAS соответствует требованиям скрытности и удобства во время выполнения разнообразных тактических задач.","Kominiarka SAS to niezawodny i wszechstronny element wyposażenia przeznaczony do tajnych działań operacyjnych. Wykonana z wysokiej jakości elastycznego materiału, zapewnia wygodne dopasowanie i ochronę przed zimnem. Kominiarka ściśle przylega do głowy, chroniąc twarz, szyję i uszy przed wiatrem i kurzem. Jej oddychająca struktura pozwala na noszenie jej pod kaskami lub hełmami, zapewniając dodatkowy poziom komfortu i ochrony. Konstrukcja kominiarki SAS spełnia wymagania dotyczące ukrycia i wygody podczas różnych zadań taktycznych.","Az SAS Balaclava egy megbízható és sokoldalú felszerelés, amelyet titkos műveleti tevékenységekhez terveztek. Kiváló minőségű rugalmas anyagból készült, kényelmes illeszkedést és védelmet nyújt a hideg ellen. A balaklava szorosan illeszkedik a fejre, védi az arcot, a nyakat és a füleket a széltől és a portól. Lélegző szerkezete lehetővé teszi, hogy sisak vagy keménykalap alatt is viselhető legyen, további kényelmet és védelmet biztosítva. Az SAS balaklava kialakítása megfelel a különböző taktikai feladatok során a lopakodás és a kényelem követelményeinek.","Il passamontagna SAS è un equipaggiamento affidabile e versatile progettato per le attività operative sotto copertura. Realizzato in materiale elastico di alta qualità, offre una vestibilità confortevole e una protezione dal freddo. Il passamontagna si adatta perfettamente alla testa, proteggendo viso, collo e orecchie da vento e polvere. La sua struttura traspirante consente di indossarlo sotto i caschi o gli elmetti, offrendo un ulteriore livello di comfort e protezione. Il design del passamontagna SAS soddisfa i requisiti di sicurezza e praticità durante le varie attività tattiche.","El pasamontañas SAS es un equipo fiable y versátil diseñado para actividades operativas encubiertas. Fabricado con material elástico de alta calidad, proporciona un ajuste cómodo y protección contra el frío. El pasamontañas se ajusta perfectamente a la cabeza, protegiendo la cara, el cuello y las orejas del viento y el polvo. Su estructura transpirable permite llevarlo bajo cascos o cascos duros, proporcionando un nivel adicional de comodidad y protección. El diseño del pasamontañas SAS cumple los requisitos de sigilo y comodidad durante diversas tareas tácticas.","La cagoule SAS est un équipement fiable et polyvalent conçu pour les activités opérationnelles secrètes. Fabriquée dans un matériau élastique de haute qualité, elle offre un port confortable et une protection contre le froid. La cagoule s'ajuste parfaitement autour de la tête, protégeant le visage, le cou et les oreilles du vent et de la poussière. Sa structure respirante permet de la porter sous un casque ou un casque de chantier, ce qui apporte un niveau supplémentaire de confort et de protection. La conception de la cagoule SAS répond aux exigences de discrétion et de commodité lors de diverses tâches tactiques.","SAS Balaclava 是一款可靠的多功能装备，专为秘密行动设计。它采用优质弹性材料制成，佩戴舒适，并具有防寒功能。头罩可紧贴头部，保护面部、颈部和耳朵免受风尘侵袭。它的透气结构使其可以戴在头盔或硬帽下，提供额外的舒适度和保护。SAS 头罩的设计符合各种战术任务中对隐蔽性和便利性的要求。","SASバラクラバは、隠密作戦活動用に設計された信頼性の高い多用途装備品です。高品質の伸縮性素材を使用し、快適なフィット感と防寒性を提供します。バラクラバは頭部にぴったりとフィットし、顔、首、耳を風やほこりから守ります。通気性に優れた構造なので、ヘルメットやハードハットの下にも着用でき、快適さと保護性をさらに高めます。SASバラクラバのデザインは、様々な戦術的作業中のステルス性と利便性の要件を満たしています。","A balaclava SAS é uma peça de equipamento fiável e versátil concebida para actividades operacionais secretas. Fabricada em material elástico de alta qualidade, proporciona um ajuste confortável e proteção contra o frio. A balaclava ajusta-se confortavelmente à volta da cabeça, protegendo o rosto, o pescoço e as orelhas do vento e do pó. A sua estrutura respirável permite a sua utilização sob capacetes ou capacetes de proteção, proporcionando um nível adicional de conforto e proteção. O design da balaclava SAS cumpre os requisitos de discrição e comodidade durante várias tarefas tácticas.","SAS Balaclava 是一款可靠的多功能装备，专为秘密行动设计。它采用优质弹性材料制成，佩戴舒适，并具有防寒功能。头罩可紧贴头部，保护面部、颈部和耳朵免受风尘侵袭。它的透气结构使其可以戴在头盔或硬帽下，提供额外的舒适度和保护。SAS 头罩的设计符合各种战术任务中对隐蔽性和便利性的要求。",
"STR_CfgVehicles_SFM_BalaclavaSAS2_Base1","The SAS balaclava is a reliable and versatile piece of equipment designed for covert operational activities. Made from high-quality elastic material, it provides a comfortable fit and protection from cold. The balaclava fits snugly around the head, protecting the face, neck, and ears from wind and dust. Its breathable structure allows it to be worn under a helmet or hard hat, providing an additional level of comfort and protection. The SAS balaclava's design meets the requirements for stealth and convenience during various tactical tasks.","The SAS balaclava is a reliable and versatile piece of equipment designed for covert operational activities. Made from high-quality elastic material, it provides a comfortable fit and protection from cold. The balaclava fits snugly around the head, protecting the face, neck, and ears from wind and dust. Its breathable structure allows it to be worn under a helmet or hard hat, providing an additional level of comfort and protection. The SAS balaclava's design meets the requirements for stealth and convenience during various tactical tasks.","Balaklava SAS je spolehlivá a všestranná součást vybavení určená pro tajné operační činnosti. Je vyrobena z vysoce kvalitního elastického materiálu, poskytuje pohodlné nošení a ochranu před chladem. Balaklava těsně přiléhá k hlavě a chrání obličej, krk a uši před větrem a prachem. Jeho prodyšná struktura umožňuje nošení pod přilbou nebo tvrdou čepicí, což poskytuje další úroveň pohodlí a ochrany. Konstrukce balaklavy SAS splňuje požadavky na utajení a pohodlí při plnění různých taktických úkolů.","Die SAS-Sturmhaube ist ein zuverlässiger und vielseitiger Ausrüstungsgegenstand, der für verdeckte Einsätze entwickelt wurde. Sie ist aus hochwertigem, elastischem Material gefertigt und bietet einen bequemen Sitz und Schutz vor Kälte. Die Sturmhaube schmiegt sich eng um den Kopf und schützt Gesicht, Hals und Ohren vor Wind und Staub. Dank ihrer atmungsaktiven Struktur kann sie auch unter einem Helm oder einem Schutzhelm getragen werden und bietet so zusätzlichen Komfort und Schutz. Das Design der SAS-Sturmhaube erfüllt die Anforderungen an Unauffälligkeit und Komfort bei verschiedenen taktischen Aufgaben.","Балаклава SAS - это надежная и универсальная часть снаряжения, предназначенная для скрытной оперативной деятельности. Изготовленная из высококачественного эластичного материала, она обеспечивает комфортную посадку и защиту от холода. Балаклава плотно облегает голову, защищая лицо, шею и уши от ветра и пыли. Ее дышащая структура позволяет носить ее под шлемом или каском, обеспечивая дополнительный уровень комфорта и защиты. Дизайн балаклавы SAS соответствует требованиям скрытности и удобства во время выполнения разнообразных тактических задач.","Kominiarka SAS to niezawodny i wszechstronny element wyposażenia przeznaczony do tajnych działań operacyjnych. Wykonana z wysokiej jakości elastycznego materiału, zapewnia wygodne dopasowanie i ochronę przed zimnem. Kominiarka ściśle przylega do głowy, chroniąc twarz, szyję i uszy przed wiatrem i kurzem. Jej oddychająca struktura pozwala na noszenie jej pod kaskiem lub hełmem, zapewniając dodatkowy poziom komfortu i ochrony. Konstrukcja kominiarki SAS spełnia wymagania dotyczące ukrycia i wygody podczas różnych zadań taktycznych.","Az SAS balaclava egy megbízható és sokoldalú felszerelés, amelyet titkos műveleti tevékenységekhez terveztek. Kiváló minőségű rugalmas anyagból készült, kényelmes illeszkedést és védelmet nyújt a hideg ellen. A balaklava szorosan illeszkedik a fejre, védi az arcot, a nyakat és a füleket a széltől és a portól. Lélegző szerkezete lehetővé teszi, hogy sisak vagy keménykalap alatt is viselhető legyen, további kényelmet és védelmet biztosítva. Az SAS balaklava kialakítása megfelel a különböző taktikai feladatok során a lopakodás és a kényelem követelményeinek.","Il passamontagna SAS è un equipaggiamento affidabile e versatile progettato per le attività operative sotto copertura. Realizzato in materiale elastico di alta qualità, offre una vestibilità confortevole e una protezione dal freddo. Il passamontagna si adatta perfettamente alla testa, proteggendo il viso, il collo e le orecchie dal vento e dalla polvere. La sua struttura traspirante consente di indossarlo sotto un casco o un elmetto, offrendo un ulteriore livello di comfort e protezione. Il design del passamontagna SAS soddisfa i requisiti di sicurezza e praticità durante le varie attività tattiche.","El pasamontañas SAS es un equipo fiable y versátil diseñado para actividades operativas encubiertas. Fabricado con material elástico de alta calidad, proporciona un ajuste cómodo y protección contra el frío. El pasamontañas se ajusta perfectamente a la cabeza, protegiendo la cara, el cuello y las orejas del viento y el polvo. Su estructura transpirable permite llevarlo debajo de un casco o casco rígido, proporcionando un nivel adicional de comodidad y protección. El diseño del pasamontañas SAS cumple los requisitos de sigilo y comodidad durante diversas tareas tácticas.","La cagoule SAS est un équipement fiable et polyvalent conçu pour les activités opérationnelles secrètes. Fabriquée dans un matériau élastique de haute qualité, elle offre un port confortable et une protection contre le froid. La cagoule s'ajuste parfaitement autour de la tête, protégeant le visage, le cou et les oreilles du vent et de la poussière. Sa structure respirante permet de la porter sous un casque ou un casque de chantier, ce qui apporte un niveau supplémentaire de confort et de protection. La conception de la cagoule SAS répond aux exigences de discrétion et de commodité lors de diverses tâches tactiques.","SAS 头罩是一种可靠的多功能装备，专为秘密行动设计。它采用优质弹性材料制成，佩戴舒适，并具有防寒功能。头罩可紧贴头部，保护面部、颈部和耳朵免受风尘侵袭。它的透气结构使其可以戴在头盔或硬帽下面，提供额外的舒适度和保护。SAS 头罩的设计符合各种战术任务中对隐蔽性和便利性的要求。","SASバラクラバは、隠密作戦活動用に設計された信頼性の高い多用途装備品です。高品質の伸縮性素材を使用し、快適なフィット感と防寒性を提供します。バラクラバは頭にぴったりとフィットし、顔、首、耳を風やほこりから守ります。通気性のある構造なので、ヘルメットやハードハットの下にも着用でき、快適性と保護性をさらに高めます。SASバラクラバのデザインは、様々な戦術的作業中のステルス性と利便性の要件を満たしています。","A balaclava SAS é uma peça de equipamento fiável e versátil concebida para actividades operacionais secretas. Fabricada em material elástico de alta qualidade, proporciona um ajuste confortável e proteção contra o frio. A balaclava ajusta-se confortavelmente à volta da cabeça, protegendo o rosto, o pescoço e as orelhas do vento e do pó. A sua estrutura respirável permite que seja usada sob um capacete ou capacete de proteção, proporcionando um nível adicional de conforto e proteção. O design da balaclava SAS cumpre os requisitos de discrição e comodidade durante várias tarefas tácticas.","SAS 头罩是一种可靠的多功能装备，专为秘密行动设计。它采用优质弹性材料制成，佩戴舒适，并具有防寒功能。头罩可紧贴头部，保护面部、颈部和耳朵免受风尘侵袭。它的透气结构使其可以戴在头盔或硬帽下面，提供额外的舒适度和保护。SAS 头罩的设计符合各种战术任务中对隐蔽性和便利性的要求。",
"STR_CfgVehicles_SFM_SportPants_Base0","Sports Pants","Sports Pants","Sportovní kalhoty","Sporthosen","Спортивные штаны","Spodnie sportowe","Sport nadrág","Pantaloni sportivi","Pantalones deportivos","Pantalon de sport","运动裤","スポーツパンツ","Calças de desporto","运动裤",
"STR_CfgVehicles_SFM_SportPants_Base1","Sports pants are the perfect choice for sports activities and active recreation. Their lightweight and elastic material provides comfort and freedom of movement during workouts. Ventilation inserts help with moisture wicking, ensuring a feeling of freshness throughout your training session. The stylish and ergonomic design makes them an excellent choice not only for sports activities but also for everyday wear. Add comfort and style to your athletic wardrobe.","Sports pants are the perfect choice for sports activities and active recreation. Their lightweight and elastic material provides comfort and freedom of movement during workouts. Ventilation inserts help with moisture wicking, ensuring a feeling of freshness throughout your training session. The stylish and ergonomic design makes them an excellent choice not only for sports activities but also for everyday wear. Add comfort and style to your athletic wardrobe.","Sportovní kalhoty jsou ideální volbou pro sportovní aktivity a aktivní odpočinek. Jejich lehký a elastický materiál poskytuje pohodlí a volnost pohybu během tréninku. Ventilační vložky pomáhají s odvodem vlhkosti a zajišťují pocit svěžesti po celou dobu tréninku. Díky stylovému a ergonomickému designu jsou vynikající volbou nejen pro sportovní aktivity, ale i pro každodenní nošení. Doplňte svůj sportovní šatník o pohodlí a styl.","Sporthosen sind die perfekte Wahl für sportliche Aktivitäten und aktive Freizeitgestaltung. Ihr leichtes und elastisches Material sorgt für Komfort und Bewegungsfreiheit während des Workouts. Belüftungseinsätze helfen beim Feuchtigkeitsabtransport und sorgen für ein Gefühl der Frische während des gesamten Trainings. Das modische und ergonomische Design macht sie zu einer hervorragenden Wahl nicht nur für sportliche Aktivitäten, sondern auch für den Alltag. Ergänzen Sie Ihre sportliche Garderobe um Komfort und Stil.","Спортивные штаны - идеальный выбор для занятий спортом и активного отдыха. Их легкий и эластичный материал обеспечивает комфорт и свободу движения во время тренировок. Вентиляционные вставки способствуют отводу влаги, обеспечивая ощущение свежести на протяжении всей тренировки. Стильный и эргономичный дизайн делает их отличным выбором не только для занятий спортом, но и для повседневной носки. Добавьте комфорта и стиля в свою спортивную гардеробную.","Spodnie sportowe to doskonały wybór na zajęcia sportowe i aktywny wypoczynek. Ich lekki i elastyczny materiał zapewnia wygodę i swobodę ruchów podczas treningu. Wstawki wentylacyjne wspomagają odprowadzanie wilgoci, zapewniając uczucie świeżości przez cały trening. Stylowy i ergonomiczny design sprawia, że są one doskonałym wyborem nie tylko do uprawiania sportu, ale także do noszenia na co dzień. Dodaj komfort i styl do swojej sportowej garderoby.","A sportnadrág tökéletes választás sporttevékenységekhez és aktív kikapcsolódáshoz. Könnyű és rugalmas anyaguk kényelmet és mozgásszabadságot biztosít az edzések során. A szellőzőbetétek segítik a nedvesség elvezetését, így biztosítva a frissesség érzését az egész edzés során. A stílusos és ergonomikus kialakításnak köszönhetően nemcsak sporttevékenységekhez, hanem mindennapi viselethez is kiváló választás. Adjon kényelmet és stílust sportos ruhatárához.","I pantaloni sportivi sono la scelta perfetta per le attività sportive e il tempo libero. Il loro materiale leggero ed elastico offre comfort e libertà di movimento durante gli allenamenti. Gli inserti di ventilazione favoriscono la traspirazione, assicurando una sensazione di freschezza per tutta la durata dell'allenamento. Il design elegante ed ergonomico li rende una scelta eccellente non solo per le attività sportive, ma anche per l'abbigliamento quotidiano. Aggiungete comfort e stile al vostro guardaroba sportivo.","Los pantalones deportivos son la elección perfecta para las actividades deportivas y el ocio activo. Su material ligero y elástico proporciona comodidad y libertad de movimientos durante los entrenamientos. Las inserciones de ventilación ayudan a evacuar la humedad, garantizando una sensación de frescor durante toda la sesión de entrenamiento. Su diseño elegante y ergonómico las convierte en una excelente elección no sólo para actividades deportivas, sino también para el día a día. Añade comodidad y estilo a tu vestuario deportivo.","Les pantalons de sport sont le choix idéal pour les activités sportives et les loisirs actifs. Sa matière légère et élastique offre confort et liberté de mouvement pendant l'entraînement. Les inserts de ventilation favorisent l'évacuation de l'humidité, garantissant une sensation de fraîcheur tout au long de la séance d'entraînement. Leur design élégant et ergonomique en fait un excellent choix non seulement pour les activités sportives, mais aussi pour les vêtements de tous les jours. Ajoutez confort et style à votre garde-robe sportive.","运动裤是体育活动和积极休闲的最佳选择。它采用轻质弹性面料，穿着舒适，运动自如。透气插片有助于吸湿排汗，确保在整个训练过程中保持清爽。时尚且符合人体工程学的设计使其不仅是体育活动的绝佳选择，也适合日常穿着。为您的运动衣橱增添舒适与时尚。","スポーツパンツは、スポーツ活動やアクティブなレクリエーションに最適です。軽量で伸縮性のある素材が、トレーニング中の快適さと自由な動きを提供する。通気性のあるインサートが吸湿発散性を高め、トレーニング中も爽快な履き心地を約束します。スタイリッシュで人間工学に基づいたデザインは、スポーツだけでなく普段着としても最適です。あなたのアスレチック用ワードローブに快適さとスタイルをプラスしよう。","As calças desportivas são a escolha perfeita para actividades desportivas e lazer ativo. O seu material leve e elástico proporciona conforto e liberdade de movimentos durante os treinos. As inserções de ventilação ajudam a absorver a humidade, garantindo uma sensação de frescura durante toda a sessão de treino. O design elegante e ergonómico torna-as uma excelente escolha não só para actividades desportivas, mas também para uso diário. Acrescente conforto e estilo ao seu guarda-roupa desportivo.","运动裤是体育活动和积极休闲的最佳选择。它采用轻质弹性面料，穿着舒适，运动自如。透气插片有助于吸湿排汗，确保在整个训练过程中保持清爽。时尚且符合人体工程学的设计使其不仅是体育活动的绝佳选择，也适合日常穿着。为您的运动衣橱增添舒适与时尚。",
"STR_CfgVehicles_SFM_BanditCoat_Base0","Coat","Coat","Kabát","Mantel","Плащ","Płaszcz","Kabát","Cappotto","Abrigo","Manteau","外套","コート","Casaco","外套",
"STR_CfgVehicles_SFM_BanditCoat_Base1","The leather coat is the embodiment of style and elegance. Made from high-quality genuine leather, this coat adds sophistication and refinement to any look. Its versatile design allows it to be paired with both casual wear and elegant outfits for special occasions. The leather coat is not just a fashion accessory, but also reliable protection from wind and bad weather. Add charm and style to your wardrobe with this unique leather coat.","The leather coat is the embodiment of style and elegance. Made from high-quality genuine leather, this coat adds sophistication and refinement to any look. Its versatile design allows it to be paired with both casual wear and elegant outfits for special occasions. The leather coat is not just a fashion accessory, but also reliable protection from wind and bad weather. Add charm and style to your wardrobe with this unique leather coat.","Kožený kabát je ztělesněním stylu a elegance. Tento kabát je vyroben z vysoce kvalitní pravé kůže a dodá každému vzhledu sofistikovanost a rafinovanost. Jeho univerzální design umožňuje kombinovat jej jak s běžným oblečením, tak s elegantními outfity pro zvláštní příležitosti. Kožený kabát není jen módním doplňkem, ale také spolehlivou ochranou před větrem a nepřízní počasí. Dodejte svému šatníku šarm a styl s tímto jedinečným koženým kabátem.","Der Ledermantel ist die Verkörperung von Stil und Eleganz. Aus hochwertigem Echtleder gefertigt, verleiht dieser Mantel jedem Look Raffinesse und Raffinesse. Sein vielseitiges Design erlaubt es, ihn sowohl mit Freizeitkleidung als auch mit eleganten Outfits für besondere Anlässe zu kombinieren. Der Ledermantel ist nicht nur ein modisches Accessoire, sondern auch ein zuverlässiger Schutz vor Wind und Wetter. Verleihen Sie Ihrer Garderobe Charme und Stil mit diesem einzigartigen Ledermantel.","Кожаный плащ - воплощение стиля и элегантности. Изготовленный из высококачественной натуральной кожи, этот плащ придает образу утонченность и изысканность. Его универсальный дизайн позволяет сочетать его как с повседневной одеждой, так и с элегантным нарядом для особых случаев. Кожаный плащ - это не только модный аксессуар, но и надежная защита от ветра и непогоды. Добавьте шарма и стиля в свой гардероб с этим уникальным кожаным плащом.","Skórzany płaszcz jest ucieleśnieniem stylu i elegancji. Wykonany z wysokiej jakości prawdziwej skóry, ten płaszcz dodaje wyrafinowania i wyrafinowania każdej stylizacji. Jego wszechstronny design pozwala na łączenie go zarówno z codziennymi ubraniami, jak i eleganckimi strojami na specjalne okazje. Skórzany płaszcz to nie tylko modny dodatek, ale także niezawodna ochrona przed wiatrem i złymi warunkami pogodowymi. Dodaj uroku i stylu swojej garderobie dzięki temu wyjątkowemu skórzanemu płaszczowi.","A bőrkabát a stílus és az elegancia megtestesítője. A kiváló minőségű valódi bőrből készült kabát kifinomultságot és finomságot kölcsönöz minden megjelenésnek. Sokoldalú kialakítása lehetővé teszi, hogy alkalmi viselethez és különleges alkalmakra szánt elegáns ruhákhoz egyaránt párosítható legyen. A bőrkabát nem csupán divatos kiegészítő, hanem megbízható védelmet nyújt a szél és a rossz időjárás ellen is. Adjon bájt és stílust a ruhatárához ezzel az egyedi bőrkabáttal.","Il cappotto in pelle è l'incarnazione dello stile e dell'eleganza. Realizzato in vera pelle di alta qualità, questo cappotto aggiunge raffinatezza e ricercatezza a qualsiasi look. Il suo design versatile permette di abbinarlo sia a un abbigliamento casual che a un outfit elegante per le occasioni speciali. Il cappotto in pelle non è solo un accessorio di moda, ma anche un'affidabile protezione dal vento e dalle intemperie. Aggiungete fascino e stile al vostro guardaroba con questo esclusivo cappotto in pelle.","El abrigo de piel es la encarnación del estilo y la elegancia. Confeccionado en piel auténtica de alta calidad, este abrigo aporta sofisticación y refinamiento a cualquier look. Su diseño versátil permite combinarlo tanto con ropa informal como con conjuntos elegantes para ocasiones especiales. El abrigo de piel no es sólo un accesorio de moda, sino también una protección fiable contra el viento y el mal tiempo. Añada encanto y estilo a su armario con este exclusivo abrigo de piel.","Le manteau en cuir est l'incarnation du style et de l'élégance. Fabriqué en cuir véritable de haute qualité, ce manteau ajoute sophistication et raffinement à n'importe quel look. Son design polyvalent permet de l'associer aussi bien à des tenues décontractées qu'à des tenues élégantes pour des occasions spéciales. Le manteau en cuir n'est pas seulement un accessoire de mode, c'est aussi une protection fiable contre le vent et les intempéries. Ajoutez du charme et du style à votre garde-robe avec ce manteau en cuir unique.","皮大衣是时尚与优雅的化身。这款大衣采用优质真皮制成，为任何造型都增添了精致与优雅。它的百搭设计使其既能搭配休闲装，也能在特殊场合搭配优雅的服装。这款皮大衣不仅是时尚配饰，还是抵御大风和恶劣天气的可靠保护。这款独特的皮大衣将为您的衣橱增添魅力和时尚。","スタイルとエレガンスを体現するレザーコート。上質な本革を使用したこのコートは、どんなスタイルにも洗練と気品を添えてくれる。カジュアルな装いにも、特別な日のエレガントな装いにも合わせられる万能なデザインです。レザーコートは単なるファッション・アクセサリーではなく、風や悪天候から守ってくれる頼もしい存在です。このユニークなレザーコートで、あなたのワードローブに魅力とスタイルを加えてください。","O casaco de couro é a personificação do estilo e da elegância. Fabricado em pele genuína de alta qualidade, este casaco confere sofisticação e requinte a qualquer visual. O seu design versátil permite-lhe combinar tanto com roupa casual como com roupas elegantes para ocasiões especiais. O casaco de pele não é apenas um acessório de moda, mas também uma proteção fiável contra o vento e o mau tempo. Acrescente charme e estilo ao seu guarda-roupa com este casaco de pele único.","皮大衣是时尚与优雅的化身。这款大衣采用优质真皮制成，为任何造型都增添了精致与优雅。它的百搭设计使其既能搭配休闲装，也能在特殊场合搭配优雅的服装。这款皮大衣不仅是时尚配饰，还是抵御大风和恶劣天气的可靠保护。这款独特的皮大衣将为您的衣橱增添魅力和时尚。",
"STR_CfgVehicles_SFM_BanditCoat2_Base1","A leather coat - the embodiment of style and elegance. Made from high-quality genuine leather, this coat adds sophistication and refinement to any look. Its versatile design allows it to be paired with both casual wear and elegant attire for special occasions. The leather coat is not just a fashion accessory but also reliable protection against wind and bad weather. Add charm and style to your wardrobe with this unique leather coat.","A leather coat - the embodiment of style and elegance. Made from high-quality genuine leather, this coat adds sophistication and refinement to any look. Its versatile design allows it to be paired with both casual wear and elegant attire for special occasions. The leather coat is not just a fashion accessory but also reliable protection against wind and bad weather. Add charm and style to your wardrobe with this unique leather coat.","Kožený kabát - ztělesnění stylu a elegance. Tento kabát je vyroben z vysoce kvalitní pravé kůže a dodá každému vzhledu sofistikovanost a rafinovanost. Jeho univerzální design umožňuje kombinovat jej jak s běžným oblečením, tak s elegantním oblečením pro zvláštní příležitosti. Kožený kabát není jen módním doplňkem, ale také spolehlivou ochranou před větrem a nepřízní počasí. Dodejte svému šatníku šarm a styl s tímto jedinečným koženým kabátem.","Ein Ledermantel - die Verkörperung von Stil und Eleganz. Aus hochwertigem Echtleder gefertigt, verleiht dieser Mantel jedem Look Raffinesse und Raffinesse. Sein vielseitiges Design erlaubt es, ihn sowohl mit Freizeitkleidung als auch mit eleganter Kleidung für besondere Anlässe zu kombinieren. Der Ledermantel ist nicht nur ein modisches Accessoire, sondern auch ein zuverlässiger Schutz vor Wind und Wetter. Verleihen Sie Ihrer Garderobe Charme und Stil mit diesem einzigartigen Ledermantel.","Кожаный плащ - воплощение стиля и элегантности. Изготовленный из высококачественной натуральной кожи, этот плащ придает образу утонченность и изысканность. Его универсальный дизайн позволяет сочетать его как с повседневной одеждой, так и с элегантным нарядом для особых случаев. Кожаный плащ - это не только модный аксессуар, но и надежная защита от ветра и непогоды. Добавьте шарма и стиля в свой гардероб с этим уникальным кожаным плащом.","Skórzany płaszcz - ucieleśnienie stylu i elegancji. Wykonany z wysokiej jakości prawdziwej skóry, ten płaszcz dodaje wyrafinowania i wyrafinowania każdej stylizacji. Jego uniwersalny design pozwala na zestawienie go zarówno z casualowymi ubraniami, jak i eleganckimi strojami na specjalne okazje. Skórzany płaszcz to nie tylko modny dodatek, ale także niezawodna ochrona przed wiatrem i złymi warunkami pogodowymi. Dodaj uroku i stylu swojej garderobie dzięki temu wyjątkowemu skórzanemu płaszczowi.","Egy bőrkabát - a stílus és az elegancia megtestesítője. A kiváló minőségű valódi bőrből készült kabát kifinomultságot és finomságot kölcsönöz minden megjelenésnek. Sokoldalú kialakítása lehetővé teszi, hogy alkalmi viselethez és különleges alkalmakra való elegáns öltözékhez egyaránt párosítható legyen. A bőrkabát nem csupán divatos kiegészítő, hanem megbízható védelmet nyújt a szél és a rossz időjárás ellen is. Adjon bájt és stílust a ruhatárához ezzel az egyedi bőrkabáttal.","Un cappotto in pelle: l'incarnazione dello stile e dell'eleganza. Realizzato in vera pelle di alta qualità, questo cappotto aggiunge raffinatezza e ricercatezza a qualsiasi look. Il suo design versatile permette di abbinarlo sia a un abbigliamento casual sia a un abbigliamento elegante per le occasioni speciali. Il cappotto in pelle non è solo un accessorio di moda, ma anche una protezione affidabile contro il vento e le intemperie. Aggiungete fascino e stile al vostro guardaroba con questo esclusivo cappotto in pelle.","Un abrigo de piel: la encarnación del estilo y la elegancia. Confeccionado en piel auténtica de alta calidad, este abrigo aporta sofisticación y refinamiento a cualquier look. Su diseño versátil permite combinarlo tanto con ropa informal como con atuendos elegantes para ocasiones especiales. El abrigo de piel no es sólo un accesorio de moda, sino también una protección fiable contra el viento y el mal tiempo. Añada encanto y estilo a su armario con este exclusivo abrigo de piel.","Un manteau en cuir - l'incarnation du style et de l'élégance. Fabriqué en cuir véritable de haute qualité, ce manteau ajoute sophistication et raffinement à n'importe quel look. Son design polyvalent permet de l'associer à des tenues décontractées ou à des vêtements élégants pour les grandes occasions. Le manteau en cuir n'est pas seulement un accessoire de mode, c'est aussi une protection fiable contre le vent et les intempéries. Ajoutez du charme et du style à votre garde-robe avec ce manteau en cuir unique.","皮大衣--时尚与优雅的化身。这款大衣采用优质真皮制成，为任何造型都增添了精致与优雅。它的百搭设计使其既能搭配休闲装，也能在特殊场合搭配优雅的服装。皮大衣不仅是时尚配饰，也是抵御大风和恶劣天气的可靠保护。这款独特的皮大衣将为您的衣橱增添魅力和时尚。","スタイルとエレガンスを体現するレザーコート。上質な本革を使用したこのコートは、どんなスタイルにも洗練と気品を添えてくれる。カジュアルな装いにも、特別な日のエレガントな装いにも合わせられる万能なデザインです。レザーコートはファッションアクセサリーとしてだけでなく、風や悪天候から身を守る頼もしいアイテムでもあります。このユニークなレザーコートで、あなたのワードローブに魅力とスタイルを加えてください。","Um casaco de pele - a personificação do estilo e da elegância. Fabricado em pele genuína de alta qualidade, este casaco confere sofisticação e requinte a qualquer visual. O seu design versátil permite-lhe combinar tanto com roupa casual como com vestuário elegante para ocasiões especiais. O casaco de pele não é apenas um acessório de moda, mas também uma proteção fiável contra o vento e o mau tempo. Acrescente charme e estilo ao seu guarda-roupa com este casaco de pele único.","皮大衣--时尚与优雅的化身。这款大衣采用优质真皮制成，为任何造型都增添了精致与优雅。它的百搭设计使其既能搭配休闲装，也能在特殊场合搭配优雅的服装。皮大衣不仅是时尚配饰，也是抵御大风和恶劣天气的可靠保护。这款独特的皮大衣将为您的衣橱增添魅力和时尚。",
"STR_CfgVehicles_SFM_BanditJacket1_Base0","Leather Jacket","Leather Jacket","Kožená bunda","Lederjacke","Кожаная куртка","Kurtka skórzana","Bőrdzseki","Giacca di pelle","Chaqueta de cuero","Veste en cuir","皮夹克","レザージャケット","Casaco de couro","皮夹克",
"STR_CfgVehicles_SFM_BanditJacket1_Base1","The leather jacket is the embodiment of style, strength, and unmatched masculinity. Crafted from high-quality genuine leather, this jacket adds refined charm and elegance to any look. Its versatile design allows it to be paired with various styles of clothing, from casual wear to evening attire. The leather jacket is not just a fashion accessory, but also reliable protection from wind and cold. Add style and self-confidence with this unique leather jacket.","The leather jacket is the embodiment of style, strength, and unmatched masculinity. Crafted from high-quality genuine leather, this jacket adds refined charm and elegance to any look. Its versatile design allows it to be paired with various styles of clothing, from casual wear to evening attire. The leather jacket is not just a fashion accessory, but also reliable protection from wind and cold. Add style and self-confidence with this unique leather jacket.","Kožená bunda je ztělesněním stylu, síly a nepřekonatelné mužnosti. Tato bunda, vyrobená z vysoce kvalitní pravé kůže, dodá každému vzhledu rafinovaný šarm a eleganci. Její univerzální design umožňuje kombinovat ji s různými styly oblečení, od běžného oblečení až po večerní oděv. Kožená bunda není jen módním doplňkem, ale také spolehlivou ochranou před větrem a chladem. Dodejte si styl a sebevědomí s touto jedinečnou koženou bundou.","Die Lederjacke ist die Verkörperung von Stil, Stärke und unübertroffener Maskulinität. Die aus hochwertigem Echtleder gefertigte Jacke verleiht jedem Look raffinierten Charme und Eleganz. Ihr vielseitiges Design erlaubt es, sie mit verschiedenen Kleidungsstilen zu kombinieren, von der Freizeitkleidung bis zur Abendgarderobe. Die Lederjacke ist nicht nur ein modisches Accessoire, sondern auch ein zuverlässiger Schutz vor Wind und Kälte. Verleihen Sie Ihrem Outfit Stil und Selbstvertrauen mit dieser einzigartigen Lederjacke.","Кожаная куртка - воплощение стиля, силы и непревзойденной мужественности. Изготовленная из высококачественной натуральной кожи, эта куртка придает образу утонченный шарм и элегантность. Ее универсальный дизайн позволяет сочетать ее с различными стилями одежды, от повседневного образа до вечернего наряда. Кожаная куртка - это не только модный аксессуар, но и надежная защита от ветра и холода. Добавьте стиля и уверенности в себе с этой уникальной кожаной курткой.","Skórzana kurtka jest ucieleśnieniem stylu, siły i niezrównanej męskości. Wykonana z wysokiej jakości skóry naturalnej, kurtka ta dodaje wyrafinowanego uroku i elegancji każdej stylizacji. Jej wszechstronny design pozwala na łączenie jej z różnymi stylami odzieży, od codziennej po wieczorową. Skórzana kurtka to nie tylko modny dodatek, ale także niezawodna ochrona przed wiatrem i zimnem. Dodaj sobie stylu i pewności siebie dzięki tej wyjątkowej skórzanej kurtce.","A bőrdzseki a stílus, az erő és a páratlan férfiasság megtestesítője. A kiváló minőségű valódi bőrből készült dzseki kifinomult bájt és eleganciát kölcsönöz minden megjelenésnek. Sokoldalú kialakítása lehetővé teszi, hogy különböző stílusú ruhadarabokkal párosítható legyen, az alkalmi viselettől az esti öltözékig. A bőrdzseki nemcsak divatos kiegészítő, hanem megbízható védelmet nyújt a szél és a hideg ellen is. Adjon stílust és önbizalmat ezzel az egyedi bőrdzsekivel.","La giacca di pelle è l'incarnazione dello stile, della forza e della mascolinità senza pari. Realizzata in vera pelle di alta qualità, questa giacca aggiunge fascino ed eleganza a qualsiasi look. Il suo design versatile permette di abbinarla a diversi stili di abbigliamento, da quello casual a quello da sera. La giacca in pelle non è solo un accessorio di moda, ma anche una protezione affidabile dal vento e dal freddo. Aggiungete stile e fiducia in voi stessi con questa giacca di pelle unica.","La chaqueta de cuero es la encarnación del estilo, la fuerza y una masculinidad inigualable. Confeccionada en piel auténtica de alta calidad, esta cazadora añade encanto refinado y elegancia a cualquier look. Su diseño versátil permite combinarla con varios estilos de ropa, desde la ropa informal hasta el traje de noche. La cazadora de piel no es sólo un accesorio de moda, sino también una protección fiable contra el viento y el frío. Aporte estilo y confianza en sí mismo con esta exclusiva chaqueta de cuero.","La veste en cuir est l'incarnation du style, de la force et d'une masculinité inégalée. Fabriquée en cuir véritable de haute qualité, cette veste ajoute un charme raffiné et de l'élégance à n'importe quel look. Son design polyvalent permet de l'associer à différents styles de vêtements, de la tenue décontractée à la tenue de soirée. La veste en cuir n'est pas seulement un accessoire de mode, c'est aussi une protection fiable contre le vent et le froid. Cette veste en cuir unique donne du style et de la confiance en soi.","皮夹克是时尚、力量和无与伦比的阳刚之气的化身。这款夹克采用优质真皮制成，为任何造型都增添了精致的魅力和优雅的气质。它的百搭设计使其可以搭配各种风格的服装，从休闲装到晚礼服。皮夹克不仅是时尚配饰，还是可靠的防风御寒工具。这款独特的皮夹克将为您增添时尚与自信。","レザージャケットは、スタイルと力強さ、そして比類なき男らしさを体現している。上質な本革から作られたこのジャケットは、どんなスタイルにも洗練された魅力とエレガンスを添えてくれる。汎用性の高いデザインなので、カジュアルウェアからイブニングウェアまで、さまざまなスタイルの服装に合わせることができる。レザージャケットは単なるファッション・アクセサリーではなく、風や寒さから身を守る頼もしいアイテムでもある。このユニークなレザージャケットで、スタイルと自信をプラスしよう。","O blusão de pele é a personificação do estilo, da força e de uma masculinidade inigualável. Fabricado em pele genuína de alta qualidade, este casaco confere um charme e uma elegância refinados a qualquer visual. O seu design versátil permite combiná-lo com vários estilos de vestuário, desde a roupa casual à roupa de noite. O casaco de pele não é apenas um acessório de moda, mas também uma proteção fiável contra o vento e o frio. Acrescente estilo e auto-confiança com este casaco de cabedal único.","皮夹克是时尚、力量和无与伦比的阳刚之气的化身。这款夹克采用优质真皮制成，为任何造型都增添了精致的魅力和优雅的气质。它的百搭设计使其可以搭配各种风格的服装，从休闲装到晚礼服。皮夹克不仅是时尚配饰，还是可靠的防风御寒工具。这款独特的皮夹克将为您增添时尚与自信。",
"STR_CfgVehicles_SFM_BanditJacket2_Base1","A leather jacket is the embodiment of style, strength, and unmatched masculinity. Made from high-quality genuine leather, this jacket adds refined charm and elegance to your appearance. Its versatile design allows it to be paired with various clothing styles, from casual wear to evening attire. A leather jacket is not just a fashion accessory but also reliable protection against wind and cold. Add style and self-confidence with this unique leather jacket.","A leather jacket is the embodiment of style, strength, and unmatched masculinity. Made from high-quality genuine leather, this jacket adds refined charm and elegance to your appearance. Its versatile design allows it to be paired with various clothing styles, from casual wear to evening attire. A leather jacket is not just a fashion accessory but also reliable protection against wind and cold. Add style and self-confidence with this unique leather jacket.","Kožená bunda je ztělesněním stylu, síly a nepřekonatelné mužnosti. Tato bunda je vyrobena z vysoce kvalitní pravé kůže a dodá vašemu vzhledu rafinovaný šarm a eleganci. Její univerzální design umožňuje kombinovat ji s různými styly oblečení, od běžného oblečení až po večerní oděv. Kožená bunda není jen módním doplňkem, ale také spolehlivou ochranou proti větru a chladu. Dodejte si styl a sebevědomí s touto jedinečnou koženou bundou.","Eine Lederjacke ist die Verkörperung von Stil, Stärke und unübertroffener Maskulinität. Aus hochwertigem Echtleder gefertigt, verleiht diese Jacke Ihrem Auftreten einen raffinierten Charme und Eleganz. Ihr vielseitiges Design erlaubt es, sie mit verschiedenen Kleidungsstilen zu kombinieren, von der Freizeitkleidung bis zur Abendgarderobe. Eine Lederjacke ist nicht nur ein modisches Accessoire, sondern auch ein zuverlässiger Schutz vor Wind und Kälte. Verleihen Sie sich mit dieser einzigartigen Lederjacke Stil und Selbstvertrauen.","Кожаная куртка - воплощение стиля, силы и непревзойденной мужественности. Изготовленная из высококачественной натуральной кожи, эта куртка придает образу утонченный шарм и элегантность. Ее универсальный дизайн позволяет сочетать ее с различными стилями одежды, от повседневного образа до вечернего наряда. Кожаная куртка - это не только модный аксессуар, но и надежная защита от ветра и холода. Добавьте стиля и уверенности в себе с этой уникальной кожаной курткой.","Skórzana kurtka to ucieleśnienie stylu, siły i niezrównanej męskości. Wykonana z wysokiej jakości skóry naturalnej kurtka dodaje wyrafinowanego uroku i elegancji. Jej wszechstronny design pozwala na łączenie jej z różnymi stylami ubioru, od casualowego po wieczorowy. Skórzana kurtka to nie tylko modny dodatek, ale także niezawodna ochrona przed wiatrem i zimnem. Dodaj sobie stylu i pewności siebie dzięki tej wyjątkowej skórzanej kurtce.","A bőrdzseki a stílus, az erő és a páratlan férfiasság megtestesítője. A kiváló minőségű valódi bőrből készült kabát kifinomult bájt és eleganciát kölcsönöz megjelenésének. Sokoldalú kialakítása lehetővé teszi, hogy különböző ruházati stílusokkal párosítható legyen, az alkalmi viselettől az esti öltözékig. A bőrdzseki nemcsak divatos kiegészítő, hanem megbízható védelmet is nyújt a szél és a hideg ellen. Adjon stílust és önbizalmat ezzel az egyedi bőrdzsekivel.","Una giacca di pelle è l'incarnazione dello stile, della forza e della mascolinità senza pari. Realizzata in vera pelle di alta qualità, questa giacca aggiunge fascino ed eleganza al vostro aspetto. Il suo design versatile permette di abbinarla a diversi stili di abbigliamento, da quello casual a quello da sera. Una giacca di pelle non è solo un accessorio di moda, ma anche una protezione affidabile contro il vento e il freddo. Aggiungete stile e fiducia in voi stessi con questa giacca di pelle unica.","Una chaqueta de cuero es la encarnación del estilo, la fuerza y una masculinidad inigualable. Confeccionada en piel auténtica de alta calidad, esta chaqueta añade un encanto refinado y elegancia a su aspecto. Su diseño versátil permite combinarla con varios estilos de ropa, desde la ropa informal hasta el traje de noche. Una chaqueta de cuero no es sólo un accesorio de moda, sino también una protección fiable contra el viento y el frío. Aporte estilo y confianza en sí mismo con esta exclusiva chaqueta de cuero.","Une veste en cuir est l'incarnation du style, de la force et d'une masculinité inégalée. Fabriquée en cuir véritable de haute qualité, cette veste ajoute un charme raffiné et de l'élégance à votre apparence. Son design polyvalent permet de l'associer à différents styles vestimentaires, de la tenue décontractée à la tenue de soirée. Une veste en cuir n'est pas seulement un accessoire de mode, c'est aussi une protection fiable contre le vent et le froid. Cette veste en cuir unique vous donnera du style et de l'assurance.","皮夹克是时尚、力量和无与伦比的阳刚之气的化身。这款夹克采用优质真皮制成，为您的外表增添了精致的魅力和优雅的气质。它的百搭设计使其可以搭配各种服装，从休闲装到晚礼服。皮夹克不仅是时尚配饰，还是抵御风寒的可靠保护。这款独特的皮夹克将为您增添时尚与自信。","レザージャケットは、スタイルと力強さ、そして比類なき男らしさを体現するもの。上質な本革から作られたこのジャケットは、あなたの装いに洗練された魅力とエレガンスを添えてくれる。汎用性の高いデザインなので、カジュアルウェアから夜の装いまで、さまざまな服装に合わせることができる。レザージャケットは単なるファッション・アクセサリーではなく、風や寒さを防ぐ頼もしい防寒具でもあります。このユニークなレザージャケットで、スタイルと自信をプラスしましょう。","Um casaco de couro é a personificação do estilo, da força e de uma masculinidade inigualável. Fabricado em pele genuína de alta qualidade, este casaco confere um charme e uma elegância refinados à sua aparência. O seu design versátil permite-lhe combinar com vários estilos de vestuário, desde a roupa casual ao traje de noite. Um casaco de couro não é apenas um acessório de moda, mas também uma proteção fiável contra o vento e o frio. Acrescente estilo e auto-confiança com este casaco de cabedal único.","皮夹克是时尚、力量和无与伦比的阳刚之气的化身。这款夹克采用优质真皮制成，为您的外表增添了精致的魅力和优雅的气质。它的百搭设计使其可以搭配各种服装，从休闲装到晚礼服。皮夹克不仅是时尚配饰，还是抵御风寒的可靠保护。这款独特的皮夹克将为您增添时尚与自信。",
